area_type,availability,location,size,society,total_sqft,bath,balcony,price,bhk,type,locality,area,price_unit,region,status,age,owner,posted_date,images
Super built-up  Area,Ready To Move,Akshaya Nagar,2 BHK,DLhtsnd,1225.0,2.0,0.0,68.0,,,,,,,,,,,
Super built-up  Area,Ready To Move,Sarjapur  Road,3 BHK,Ascid P,1814.0,3.0,3.0,63.0,,,,,,,,,,,
Super built-up  Area,18-Jul,Raja Rajeshwari Nagar,2 BHK,Prllsan,1157.0,2.0,1.0,65.0,,,,,,,,,,,
Super built-up  Area,19-Dec,Hoodi,2 BHK,Hahtsde,1447.0,3.0,2.0,76.0,,,,,,,,,,,
Super built-up  Area,18-Dec,Kundalahalli,3 BHK,Dieldli,1724.0,3.0,1.0,125.0,,,,,,,,,,,
Super built-up  Area,18-Dec,Seegehalli,2 BHK,,920.0,2.0,1.0,27.0,,,,,,,,,,,
Super built-up  Area,Ready To Move,Choodasandra,3 BHK,GRlpank,1465.0,3.0,3.0,75.0,,,,,,,,,,,
Built-up  Area,Ready To Move,KR Puram,4 Bedroom,,1200.0,4.0,0.0,83.0,,,,,,,,,,,
Super built-up  Area,20-Jan,Badavala Nagar,2 BHK,DNncasa,1274.0,2.0,1.0,90.0,,,,,,,,,,,
Super built-up  Area,Ready To Move,Anand Nagar,3 BHK,,1080.0,2.0,2.0,75.0,,,,,,,,,,,
Built-up  Area,Ready To Move,Old Airport Road,3 BHK,Trnce A,1875.0,2.0,2.0,110.0,,,,,,,,,,,
Built-up  Area,Ready To Move,Electronic City,2 BHK,Prhtsua,1250.0,2.0,1.0,62.0,,,,,,,,,,,
Super built-up  Area,Ready To Move,Harlur,3 BHK,,1758.0,3.0,2.0,133.0,,,,,,,,,,,
Plot  Area,Ready To Move,Jeevan bima nagar,4 Bedroom,,1200.0,4.0,1.0,200.0,,,,,,,,,,,
Super built-up  Area,20-Aug,Hebbal,3 BHK,Magiaya,1255.0,2.0,1.0,95.0,,,,,,,,,,,
Built-up  Area,Ready To Move,Palanahalli,4 Bedroom,RMaanSa,3978.0,4.0,3.0,428.0,,,,,,,,,,,
Super built-up  Area,Ready To Move,Hebbal,2 BHK,Ratlet ,1040.0,2.0,1.0,50.0,,,,,,,,,,,
Super built-up  Area,Ready To Move,Hoodi,2 BHK,Keers S,1257.0,2.0,1.0,68.5,,,,,,,,,,,
Super built-up  Area,Ready To Move,Hennur,2 BHK,Shateor,1255.0,2.0,1.0,58.0,,,,,,,,,,,
Super built-up  Area,Ready To Move,Yelahanka,3 BHK,PuziaVe,1614.0,3.0,2.0,95.0,,,,,,,,,,,
Plot  Area,Ready To Move,Singapura Village,4 Bedroom,,2230.0,4.0,1.0,130.0,,,,,,,,,,,
Built-up  Area,Ready To Move,Ramamurthy Nagar,2 BHK,Foghaa ,1040.0,2.0,2.0,50.0,,,,,,,,,,,
Super built-up  Area,Ready To Move,Sarjapur  Road,2 BHK,,1016.0,2.0,1.0,45.0,,,,,,,,,,,
Super built-up  Area,20-Dec,Kanakpura Road,2 BHK,PrarePa,900.0,2.0,1.0,41.0,,,,,,,,,,,
Super built-up  Area,Ready To Move,Harlur,2 BHK,Sancyi ,1200.0,2.0,1.0,49.5,,,,,,,,,,,
Super built-up  Area,Ready To Move,Glass Factory Layout,3 BHK,VMlet C,1450.0,3.0,3.0,65.0,,,,,,,,,,,
Plot  Area,Ready To Move,Jnana Ganga Nagar,3 Bedroom,,1320.0,2.0,1.0,95.0,,,,,,,,,,,
Plot  Area,18-Jan,Devanahalli,3 Bedroom,Ozdiaan,1200.0,3.0,1.0,145.0,,,,,,,,,,,
Super built-up  Area,Ready To Move,Battarahalli,2 BHK,PaontWa,1636.0,2.0,2.0,82.89,,,,,,,,,,,
Built-up  Area,Ready To Move,Ulsoor,2 BHK,,1275.0,2.0,,120.0,,,,,,,,,,,
Super built-up  Area,Ready To Move,Choodasandra,2 BHK,Maidsr ,1075.0,2.0,2.0,45.0,,,,,,,,,,,
Super built-up  Area,Ready To Move,Hoskote,3 BHK,Sohti S,1069.0,2.0,,38.0,,,,,,,,,,,
Plot  Area,Ready To Move,Kothanur,3 Bedroom,BDensar,2400.0,2.0,1.0,150.0,,,,,,,,,,,
Built-up  Area,Ready To Move,Raja Rajeshwari Nagar,3 BHK,ChionCo,1757.0,3.0,3.0,98.0,,,,,,,,,,,
Plot  Area,16-Jan,Sarjapur  Road,4 Bedroom,Saacesa,1240.0,4.0,0.0,110.0,,,,,,,,,,,
Super built-up  Area,Ready To Move,Bhagyalakshmi Avenue,1 BHK,Prineth,540.0,1.0,1.0,22.5,,,,,,,,,,,
Built-up  Area,Ready To Move,Basavangudi,4 Bedroom,,2500.0,4.0,1.0,150.0,,,,,,,,,,,
Built-up  Area,Ready To Move,Electronic City,2 BHK,PronsEn,1090.0,2.0,2.0,35.03,,,,,,,,,,,
Super built-up  Area,Ready To Move,Whitefield,2 BHK,Veitaus,1224.0,2.0,2.0,75.0,,,,,,,,,,,
Built-up  Area,21-Dec,"Judicial Layout, Kanakapura Road, ",3 BHK,,1300.0,3.0,2.0,64.0,,,,,,,,,,,
Super built-up  Area,Ready To Move,Old Airport Road,3 BHK,,2392.0,3.0,2.0,249.0,,,,,,,,,,,
Plot  Area,Ready To Move,singapura paradise,4 Bedroom,,1200.0,4.0,1.0,140.0,,,,,,,,,,,
Plot  Area,Ready To Move,TC Palaya,2 Bedroom,,1200.0,2.0,0.0,65.0,,,,,,,,,,,
Super built-up  Area,18-May,Thanisandra,2 BHK,SLityee,1020.0,2.0,1.0,44.5,,,,,,,,,,,
Built-up  Area,Ready To Move,Yelahanka,3 BHK,NCs 2rj,1350.0,2.0,3.0,85.0,,,,,,,,,,,
Super built-up  Area,Ready To Move,Raja Rajeshwari Nagar,2 BHK,Ely 3Em,1270.0,2.0,2.0,62.0,,,,,,,,,,,
Super built-up  Area,Ready To Move,Bisuvanahalli,3 BHK,Prityel,1075.0,2.0,1.0,33.0,,,,,,,,,,,
Super built-up  Area,Ready To Move,Sarjapur  Road,2 BHK,Clell D,1084.0,2.0,3.0,55.0,,,,,,,,,,,
Super built-up  Area,Ready To Move,Whitefield,2 BHK,Sparam ,1317.0,2.0,2.0,52.0,,,,,,,,,,,
Super built-up  Area,Ready To Move,Motappa Layout,2 BHK,Puodse ,1113.0,2.0,1.0,51.0,,,,,,,,,,,
Super built-up  Area,22-May,Jakkur,2 BHK,SoineC ,1452.19,2.0,1.0,100.0,,,,,,,,,,,
Super built-up  Area,Ready To Move,Electronic City,3 BHK,Elodsre,1521.0,2.0,2.0,57.5,,,,,,,,,,,
Super built-up  Area,Ready To Move,Kodichikkanahalli,3 BHK,DiamiSa,1560.0,2.0,2.0,65.0,,,,,,,,,,,
Super built-up  Area,Ready To Move,Bellandur,2 BHK,Krine O,921.0,2.0,2.0,40.0,,,,,,,,,,,
Built-up  Area,Ready To Move,Bisuvanahalli,3 BHK,Prityel,1075.0,2.0,1.0,36.0,,,,,,,,,,,
Super built-up  Area,Ready To Move,Rajaji Nagar,3 BHK,PhestOn,2409.0,3.0,2.0,360.0,,,,,,,,,,,
Built-up  Area,Ready To Move,Bisuvanahalli,2 BHK,Prityel,845.0,2.0,0.0,34.0,,,,,,,,,,,
Super built-up  Area,Ready To Move,Bannerghatta Road,2 BHK,MNikaas,1240.0,2.0,1.0,65.0,,,,,,,,,,,
Super built-up  Area,Ready To Move,Volagerekallahalli,2 BHK,,1070.0,2.0,2.0,33.0,,,,,,,,,,,
Plot  Area,Ready To Move,R.T. Nagar,3 Bedroom,,1300.0,3.0,,145.0,,,,,,,,,,,
Super built-up  Area,Ready To Move,Mysore Road,3 BHK,PrntaEn,1560.0,3.0,2.0,120.0,,,,,,,,,,,
Super built-up  Area,Ready To Move,Thippasandra,1 BHK,,660.0,1.0,0.0,30.0,,,,,,,,,,,
Super built-up  Area,19-Oct,Anekal,1 BHK,,530.0,1.0,1.0,18.0,,,,,,,,,,,
Super built-up  Area,Ready To Move,Hennur Road,3 BHK,Koagati,1186.0,2.0,2.0,55.33,,,,,,,,,,,
Super built-up  Area,21-Jan,Kanakpura Road,1 BHK,PrarePa,525.0,1.0,1.0,30.0,,,,,,,,,,,
Super built-up  Area,Ready To Move,Naidu Layout,3 BHK,,1485.0,3.0,2.0,78.0,,,,,,,,,,,
Super built-up  Area,Ready To Move,Richmond Town,4 BHK,,2380.0,4.0,3.0,242.0,,,,,,,,,,,
Plot  Area,Ready To Move,BTM 1st Stage,4 Bedroom,,1100.0,5.0,2.0,121.0,,,,,,,,,,,
Plot  Area,Ready To Move,Whitefield,4 Bedroom,Enodsed,1344.0,3.0,1.0,130.0,,,,,,,,,,,
Plot  Area,Ready To Move,Margondanahalli,2 Bedroom,,1200.0,2.0,1.0,65.0,,,,,,,,,,,
Plot  Area,Ready To Move,Cholanayakanahalli,2 Bedroom,,1300.0,2.0,2.0,95.0,,,,,,,,,,,
Built-up  Area,Ready To Move,Amruthahalli,1 Bedroom,,600.0,1.0,1.0,55.0,,,,,,,,,,,
Plot  Area,Ready To Move,Immadihalli,2 Bedroom,,900.0,3.0,1.0,105.0,,,,,,,,,,,
Super built-up  Area,18-May,Electronic City Phase II,3 BHK,,1400.0,2.0,2.0,40.43,,,,,,,,,,,
Plot  Area,Ready To Move,Sahakara Nagar,4 Bedroom,,1200.0,4.0,,190.0,,,,,,,,,,,
Super built-up  Area,18-Dec,Varthur Road,2 BHK,,850.0,2.0,1.0,25.4,,,,,,,,,,,
Super built-up  Area,Ready To Move,Battarahalli,3 BHK,PaontWa,1777.0,3.0,2.0,100.0,,,,,,,,,,,
Super built-up  Area,Ready To Move,Jaya Mahal layout,3 BHK,Nehalri,2648.0,3.0,3.0,238.0,,,,,,,,,,,
Super built-up  Area,Ready To Move,Sarjapur  Road,3 BHK,Maana E,2720.0,5.0,,210.0,,,,,,,,,,,
Built-up  Area,Ready To Move,Sarvabhouma Nagar,1 BHK,,500.0,1.0,0.0,24.0,,,,,,,,,,,
Super built-up  Area,18-Oct,Bannerghatta Road,3 BHK,DSnjh S,1556.0,2.0,1.0,59.13,,,,,,,,,,,
Super built-up  Area,19-Dec,Jalahalli,2 BHK,DSata S,1035.0,2.0,1.0,31.05,,,,,,,,,,,
Plot  Area,Ready To Move,Padmanabhanagar,3 Bedroom,,610.0,2.0,1.0,75.0,,,,,,,,,,,
Super built-up  Area,Ready To Move,Banashankari,2 BHK,SuentAp,1100.0,2.0,1.0,63.0,,,,,,,,,,,
Super built-up  Area,Ready To Move,Kanakapura,2 BHK,,1190.0,2.0,2.0,39.0,,,,,,,,,,,
Super built-up  Area,21-Dec,Kanakpura Road,1 BHK,PrarePa,525.0,1.0,1.0,26.25,,,,,,,,,,,
Super built-up  Area,Ready To Move,Sarjapur  Road,3 BHK,Klark L,1691.0,3.0,2.0,119.0,,,,,,,,,,,
Super built-up  Area,18-Jul,Electronic City Phase II,2 BHK,,1000.0,2.0,1.0,25.0,,,,,,,,,,,
Super built-up  Area,Ready To Move,R.T. Nagar,3 BHK,JaniaGa,1400.0,2.0,3.0,78.0,,,,,,,,,,,
Super built-up  Area,Ready To Move,CV Raman Nagar,2 BHK,JKmesHo,1040.0,2.0,1.0,50.0,,,,,,,,,,,
Super built-up  Area,18-Nov,Sarjapur  Road,2 BHK,AsastDe,984.0,2.0,1.0,45.75,,,,,,,,,,,
Super built-up  Area,Ready To Move,Yelahanka,2 BHK,Chara N,1300.0,2.0,3.0,65.0,,,,,,,,,,,
Super built-up  Area,Ready To Move,Rajiv Nagar,4 BHK,PuoodSk,2330.0,5.0,1.0,175.0,,,,,,,,,,,
Built-up  Area,Ready To Move,Haralur Road,3 BHK,,1890.0,3.0,2.0,84.0,,,,,,,,,,,
Super built-up  Area,Ready To Move,Kathriguppe,3 BHK,Prone M,1350.0,2.0,1.0,87.01,,,,,,,,,,,
Super built-up  Area,Ready To Move,Marathahalli,3 BHK,,1310.0,3.0,1.0,63.25,,,,,,,,,,,
Super built-up  Area,Ready To Move,Whitefield,2 BHK,Veales ,1250.0,2.0,2.0,72.0,,,,,,,,,,,
Super built-up  Area,Ready To Move,frazertown,3 BHK,,2000.0,3.0,2.0,210.0,,,,,,,,,,,
Super built-up  Area,Ready To Move,Marathahalli,2 BHK,,957.0,2.0,1.0,46.9,,,,,,,,,,,
Super built-up  Area,Ready To Move,Lakshminarayana Pura,2 BHK,RothaVa,1149.0,2.0,1.0,75.0,,,,,,,,,,,
Super built-up  Area,18-Jun,Kothannur,3 BHK,,1275.0,3.0,2.0,44.0,,,,,,,,,,,
Built-up  Area,Ready To Move,Uttarahalli,3 BHK,,1480.0,2.0,1.0,58.0,,,,,,,,,,,
Super built-up  Area,Ready To Move,HOSUR MAIN ROAD,3 BHK,,1464.0,3.0,2.0,56.0,,,,,,,,,,,
Super built-up  Area,Ready To Move,Canara Bank Colony,3 BHK,,1300.0,3.0,2.0,42.25,,,,,,,,,,,
Super built-up  Area,Ready To Move,Bharathi Nagar,2 BHK,FoapeWa,1351.0,2.0,2.0,70.0,,,,,,,,,,,
Super built-up  Area,Ready To Move,Hosakerehalli,4 BHK,Taonte ,3205.0,5.0,1.0,500.0,,,,,,,,,,,
Plot  Area,Ready To Move,Hoskote,3 Bedroom,,1200.0,3.0,2.0,57.0,,,,,,,,,,,
Plot  Area,Ready To Move,Kadabagere,1 Bedroom,,520.0,2.0,0.0,29.0,,,,,,,,,,,
Super built-up  Area,Ready To Move,Electronic City,2 BHK,YCnce R,1110.0,2.0,1.0,40.0,,,,,,,,,,,
Built-up  Area,Ready To Move,Horamavu Agara,2 BHK,,755.0,2.0,1.0,37.49,,,,,,,,,,,
Built-up  Area,Ready To Move,Gopal Reddy Layout,3 BHK,Krestee,2100.0,3.0,1.0,75.0,,,,,,,,,,,
Super built-up  Area,Ready To Move,Thanisandra,3 BHK,MenueNo,1430.0,2.0,2.0,56.0,,,,,,,,,,,
Super built-up  Area,Ready To Move,Nayandanahalli,2 BHK,Rarelt ,985.0,2.0,1.0,55.0,,,,,,,,,,,
Super built-up  Area,17-Oct,Banashankari Stage V,3 BHK,Naiewre,1540.0,3.0,2.0,48.51,,,,,,,,,,,
Super built-up  Area,Ready To Move,Amruthahalli,3 BHK,,2650.0,4.0,0.0,175.0,,,,,,,,,,,
Built-up  Area,Ready To Move,Basavanapura,2 Bedroom,,1200.0,3.0,0.0,85.0,,,,,,,,,,,
Built-up  Area,Ready To Move,CV Raman Nagar,3 BHK,Satlea ,1835.0,3.0,2.0,160.0,,,,,,,,,,,
Super built-up  Area,Ready To Move,Malleshwaram,3 BHK,Sariaat,2215.0,3.0,2.0,330.0,,,,,,,,,,,
Plot  Area,Ready To Move,Jalahalli,4 Bedroom,,1200.0,4.0,0.0,90.0,,,,,,,,,,,
Super built-up  Area,Ready To Move,Choodasandra,3 BHK,GRhtiru,1220.0,3.0,1.0,56.0,,,,,,,,,,,
Super built-up  Area,Ready To Move,Whitefield,2 BHK,Sonviik,1186.0,2.0,3.0,55.0,,,,,,,,,,,
Super built-up  Area,Ready To Move,Gopalkrishna Nagar,2 BHK,MJarlPe,1165.0,2.0,2.0,75.0,,,,,,,,,,,
Built-up  Area,18-Dec,Bommasandra Industrial Area,2 BHK,,1065.0,2.0,1.0,30.75,,,,,,,,,,,
Super built-up  Area,Ready To Move,Off Bannergatta road,4 BHK,,2180.0,4.0,3.0,115.0,,,,,,,,,,,
Super built-up  Area,Ready To Move,Lavelle Road,3 BHK,,6729.0,4.0,,900.0,,,,,,,,,,,
Super built-up  Area,Ready To Move,Bannerghatta Road,3 BHK,SNity S,1655.0,3.0,3.0,95.0,,,,,,,,,,,
Built-up  Area,Ready To Move,Varsova Layout,4 Bedroom,,2700.0,4.0,3.0,295.0,,,,,,,,,,,
Super built-up  Area,Ready To Move,Nehru Nagar,3 BHK,Ceste C,1775.0,3.0,3.0,110.0,,,,,,,,,,,
Super built-up  Area,Ready To Move,Battarahalli,2 BHK,,1165.0,2.0,1.0,43.0,,,,,,,,,,,
Plot  Area,Ready To Move,Ganga Nagar,3 Bedroom,,720.0,3.0,3.0,65.0,,,,,,,,,,,
Super built-up  Area,Ready To Move,Kothanur,2 BHK,,1187.0,2.0,2.0,58.0,,,,,,,,,,,
Super built-up  Area,Ready To Move,Bannerghatta Road,3 BHK,SNity S,1460.0,2.0,2.0,72.0,,,,,,,,,,,
Super built-up  Area,Ready To Move,Nobo Nagar,3 BHK,Elacet ,1424.0,2.0,3.0,55.0,,,,,,,,,,,
Super built-up  Area,Ready To Move,Shree Ananth Nagar Layout,2 BHK,Aaityi ,1210.0,2.0,2.0,60.0,,,,,,,,,,,
Built-up  Area,Ready To Move,Yelahanka New Town,2 BHK,,1000.0,2.0,1.0,44.0,,,,,,,,,,,
Super built-up  Area,Ready To Move,Doddakallasandra,2 BHK,,1072.0,2.0,1.0,42.87,,,,,,,,,,,
Built-up  Area,Ready To Move,Uttarahalli,2 BHK,Sencys ,1160.0,2.0,2.0,45.0,,,,,,,,,,,
Super built-up  Area,18-May,Kadugodi,2 BHK,Alestrb,1314.0,2.0,3.0,80.0,,,,,,,,,,,
Built-up  Area,Ready To Move,Kengeri,2 BHK,,963.0,2.0,2.0,40.0,,,,,,,,,,,
Super built-up  Area,Ready To Move,CV Raman Nagar,3 BHK,Keera R,1525.0,2.0,3.0,67.0,,,,,,,,,,,
Super built-up  Area,Ready To Move,Uttarahalli,3 BHK,Laihai ,1540.0,3.0,0.0,50.0,,,,,,,,,,,
Super built-up  Area,Ready To Move,Nagappa Reddy Layout,3 BHK,Roarkan,1820.0,3.0,2.0,79.5,,,,,,,,,,,
Plot  Area,Ready To Move,Devanahalli,4 Bedroom,Soyleif,6136.0,4.0,,550.0,,,,,,,,,,,
Plot  Area,Ready To Move,Nelamangala,4 Bedroom,,1470.0,4.0,2.0,34.5,,,,,,,,,,,
Super built-up  Area,19-Dec,Kanakapura,1 BHK,GoityEt,938.0,1.0,1.0,50.0,,,,,,,,,,,
Super built-up  Area,Ready To Move,BTM 2nd Stage,2 BHK,Chaldi ,1200.0,2.0,2.0,70.0,,,,,,,,,,,
Super built-up  Area,Ready To Move,Marathahalli,4 BHK,PueraRi,3800.0,4.0,3.0,205.0,,,,,,,,,,,
Super built-up  Area,17-Jun,Harlur,2 BHK,Prncyrn,1197.0,2.0,1.0,79.0,,,,,,,,,,,
Built-up  Area,Ready To Move,Doddabommasandra,2 Bedroom,,1600.0,2.0,1.0,90.0,,,,,,,,,,,
Super built-up  Area,Ready To Move,Banashankari Stage II,2 BHK,,1400.0,2.0,1.0,100.0,,,,,,,,,,,
Super built-up  Area,Ready To Move,Thigalarapalya,2 BHK,,1418.0,2.0,2.0,106.0,,,,,,,,,,,
Super built-up  Area,Ready To Move,Thanisandra,3 BHK,Soitya ,1564.0,3.0,2.0,100.0,,,,,,,,,,,
Built-up  Area,Ready To Move,Channasandra,3 BHK,,1800.0,3.0,2.0,60.0,,,,,,,,,,,
Super built-up  Area,Ready To Move,Banashankari,1 BHK,,2400.0,1.0,1.0,200.0,,,,,,,,,,,
Super built-up  Area,Ready To Move,Electronic City,2 BHK,GMown E,770.0,1.0,1.0,40.0,,,,,,,,,,,
Super built-up  Area,Ready To Move,Kenchenahalli,3 BHK,Unateit,1410.0,2.0,2.0,73.0,,,,,,,,,,,
Super built-up  Area,Ready To Move,Varthur,2 BHK,Caiseur,1140.0,2.0,3.0,55.5,,,,,,,,,,,
Built-up  Area,Ready To Move,5th Phase JP Nagar,2 BHK,Matonr ,1030.0,2.0,2.0,57.0,,,,,,,,,,,
Super built-up  Area,18-Jul,Chandapura,3 BHK,SunceEs,1185.0,2.0,2.0,30.22,,,,,,,,,,,
Super built-up  Area,Ready To Move,Akshaya Nagar,3 BHK,DLhtsnd,1430.0,2.0,2.0,75.0,,,,,,,,,,,
Plot  Area,Ready To Move,Vishwapriya Nagar,3 Bedroom,,600.0,3.0,2.0,65.0,,,,,,,,,,,
Super built-up  Area,18-Oct,Chennammana Kere,2 BHK,,1145.0,2.0,2.0,58.4,,,,,,,,,,,
Super built-up  Area,18-Dec,Hosa Road,3 BHK,SJerse ,1470.0,2.0,2.0,84.22,,,,,,,,,,,
Super built-up  Area,Ready To Move,Sarjapur  Road,2 BHK,Ceiti I,1197.0,2.0,1.0,56.86,,,,,,,,,,,
Built-up  Area,Ready To Move,Byatarayanapura,3 BHK,Foconna,1325.0,2.0,1.0,90.0,,,,,,,,,,,
Built-up  Area,Ready To Move,St. John's Road,2 BHK,,824.0,2.0,0.0,60.0,,,,,,,,,,,
Super built-up  Area,Ready To Move,Raja Rajeshwari Nagar,2 BHK,MaaveDu,1165.0,2.0,1.0,45.0,,,,,,,,,,,
Super built-up  Area,Ready To Move,Bellandur,1 BHK,Trows M,950.0,1.0,1.0,40.0,,,,,,,,,,,
Super built-up  Area,Ready To Move,Raja Rajeshwari Nagar,1 BHK,,510.0,1.0,1.0,22.0,,,,,,,,,,,
Super built-up  Area,Ready To Move,Kodihalli,2 BHK,,1000.0,2.0,1.0,62.0,,,,,,,,,,,
Built-up  Area,Ready To Move,Akshaya Nagar,3 Bedroom,,2650.0,3.0,2.0,125.0,,,,,,,,,,,
Plot  Area,Ready To Move,Frazer Town,5 Bedroom,,2350.0,2.0,0.0,423.0,,,,,,,,,,,
Super built-up  Area,Ready To Move,Yelahanka,2 BHK,Apows M,1035.0,2.0,1.0,45.0,,,,,,,,,,,
Super built-up  Area,Ready To Move,Yeshwanthpur,1 BHK,IBityin,667.0,1.0,1.0,36.85,,,,,,,,,,,
Built-up  Area,Ready To Move,Anjanapura,4 BHK,,1850.0,4.0,2.0,86.0,,,,,,,,,,,
Super built-up  Area,Ready To Move,Koramangala,2 BHK,Jainaht,1300.0,2.0,2.0,82.0,,,,,,,,,,,
Plot  Area,Ready To Move,Venkateswara Nagar,1 Bedroom,,600.0,1.0,0.0,20.0,,,,,,,,,,,
Super built-up  Area,Ready To Move,Vijayanagar,2 BHK,,920.0,2.0,2.0,60.0,,,,,,,,,,,
Built-up  Area,Ready To Move,Kengeri Satellite Town,2 BHK,Malowr ,800.0,2.0,1.0,40.0,,,,,,,,,,,
Super built-up  Area,Ready To Move,Electronics City Phase 1,2 BHK,,1070.0,2.0,1.0,45.5,,,,,,,,,,,
Super built-up  Area,Ready To Move,Abbigere,2 BHK,SLtias ,795.0,2.0,1.0,32.54,,,,,,,,,,,
Built-up  Area,Ready To Move,9th Phase JP Nagar,8 BHK,,800.0,8.0,,140.0,,,,,,,,,,,
Super built-up  Area,Ready To Move,Mahadevpura,3 BHK,Neisei ,1500.0,2.0,1.0,70.0,,,,,,,,,,,
Super built-up  Area,Ready To Move,Lavakusha Nagar,3 BHK,Vanusn ,1545.0,3.0,2.0,65.0,,,,,,,,,,,
Plot  Area,Ready To Move,Jayanti Nagar,2 Bedroom,,1200.0,3.0,1.0,70.0,,,,,,,,,,,
Super built-up  Area,Ready To Move,BEML Layout,2 BHK,,1194.0,2.0,1.0,65.0,,,,,,,,,,,
Super built-up  Area,Ready To Move,Kathriguppe,3 BHK,Prone M,1350.0,3.0,3.0,78.3,,,,,,,,,,,
Plot  Area,Ready To Move,Nagarbhavi,4 Bedroom,,600.0,3.0,2.0,100.0,,,,,,,,,,,
Super built-up  Area,Ready To Move,RMV 2nd Stage,4 BHK,Prave E,2000.0,4.0,0.0,120.0,,,,,,,,,,,
Super built-up  Area,Ready To Move,Budigere,3 BHK,PrityTr,1820.0,3.0,2.0,99.0,,,,,,,,,,,
Built-up  Area,Ready To Move,Prithvi Layout,3 BHK,Srllaan,1620.0,3.0,,65.0,,,,,,,,,,,
Super built-up  Area,Ready To Move,Rajaji Nagar,3 BHK,PhestOn,2390.0,3.0,2.0,410.0,,,,,,,,,,,
Plot  Area,Ready To Move,KR Puram,2 Bedroom,,800.0,1.0,1.0,130.0,,,,,,,,,,,
Super built-up  Area,Ready To Move,Dodda Kempaiah Layout,3 BHK,,1600.0,3.0,2.0,75.0,,,,,,,,,,,
Super built-up  Area,Ready To Move,Sahakara Nagar,3 BHK,HoAcela,1500.0,3.0,2.0,125.0,,,,,,,,,,,
Super built-up  Area,18-Apr,Whitefield,2 BHK,Prtates,1346.0,2.0,1.0,96.17,,,,,,,,,,,
Super built-up  Area,Ready To Move,Rachenahalli,2 BHK,,1050.0,2.0,2.0,52.08,,,,,,,,,,,
Super built-up  Area,Ready To Move,Anandapura,2 BHK,ViensRK,1141.0,2.0,1.0,42.75,,,,,,,,,,,
Super built-up  Area,Ready To Move,Ferrar Nagar,4 BHK,Leton A,2360.0,3.0,2.0,185.0,,,,,,,,,,,
Super built-up  Area,Ready To Move,Hanumanth Nagar,2 BHK,Saersel,1175.0,2.0,2.0,52.86,,,,,,,,,,,
Super built-up  Area,18-Feb,Electronic City,2 BHK,GMown E,1070.0,2.0,1.0,55.0,,,,,,,,,,,
Plot  Area,Ready To Move,Bileshivale,6 Bedroom,,2400.0,7.0,2.0,107.0,,,,,,,,,,,
Super built-up  Area,18-Apr,Munnekollal,2 BHK,Sadhii ,1030.0,2.0,1.0,50.36,,,,,,,,,,,
Super built-up  Area,18-May,SRINIVASAPURA,3 BHK,,1525.0,3.0,2.0,68.63,,,,,,,,,,,
Super built-up  Area,Ready To Move,Hosur Road,3 BHK,PuendWe,1508.0,2.0,1.0,110.0,,,,,,,,,,,
Super built-up  Area,Ready To Move,Koramangala,3 BHK,KHage G,1720.0,2.0,1.0,130.0,,,,,,,,,,,
Plot  Area,Ready To Move,6th Phase JP Nagar,8 Bedroom,,1650.0,6.0,2.0,135.0,,,,,,,,,,,
Super built-up  Area,Ready To Move,Doddathoguru,2 BHK,,1100.0,2.0,1.0,62.0,,,,,,,,,,,
Built-up  Area,Ready To Move,RR Layout,5 Bedroom,,2100.0,3.0,0.0,145.0,,,,,,,,,,,
Super built-up  Area,Ready To Move,5th Phase JP Nagar,1 BHK,,552.0,1.0,1.0,23.5,,,,,,,,,,,
Built-up  Area,Ready To Move,Marathahalli,2 BHK,Foodasa,1170.0,2.0,3.0,53.0,,,,,,,,,,,
Super built-up  Area,Ready To Move,Sarjapur  Road,4 BHK,Maana E,3785.0,5.0,,280.0,,,,,,,,,,,
Super built-up  Area,Ready To Move,Kaggadasapura,3 BHK,Foity S,1350.0,3.0,1.0,55.5,,,,,,,,,,,
Super built-up  Area,Ready To Move,Vittasandra,3 BHK,Prlla C,1650.0,3.0,2.0,85.5,,,,,,,,,,,
Super built-up  Area,18-Apr,Thanisandra,3 BHK,Bhmesy ,1917.0,4.0,2.0,113.0,,,,,,,,,,,
Super built-up  Area,Ready To Move,Banashankari 2 nd Stage,3 BHK,,1030.0,2.0,2.0,77.25,,,,,,,,,,,
Built-up  Area,Ready To Move,RMV Extension,3 BHK,DSureSi,1630.0,3.0,2.0,85.0,,,,,,,,,,,
Super built-up  Area,Ready To Move,Kaggadasapura,2 BHK,SLireap,1185.0,2.0,1.0,41.0,,,,,,,,,,,
Built-up  Area,Ready To Move,5th Phase JP Nagar,1 BHK,Shenshi,600.0,1.0,1.0,30.0,,,,,,,,,,,
Super built-up  Area,Ready To Move,Bellandur,2 BHK,,924.0,2.0,2.0,35.11,,,,,,,,,,,
Super built-up  Area,Ready To Move,Sarjapur  Road,3 BHK,Maantr ,1700.0,3.0,3.0,108.0,,,,,,,,,,,
Super built-up  Area,Ready To Move,Hebbal Kempapura,3 BHK,GonumPl,2900.0,4.0,,240.0,,,,,,,,,,,
Super built-up  Area,Ready To Move,Uttarahalli,3 BHK,,1250.0,2.0,2.0,50.0,,,,,,,,,,,
Built-up  Area,Ready To Move,Sarjapur  Road,4 Bedroom,VaMarll,2750.0,5.0,1.0,240.0,,,,,,,,,,,
Built-up  Area,Ready To Move,Varthur,8 Bedroom,,704.0,8.0,3.0,92.0,,,,,,,,,,,
Super built-up  Area,Ready To Move,Nagadevanahalli,3 BHK,,1250.0,2.0,2.0,65.0,,,,,,,,,,,
Super built-up  Area,Ready To Move,Sri Sai Layout,2 BHK,,1000.0,2.0,2.0,35.0,,,,,,,,,,,
Super built-up  Area,Ready To Move,Electronics City Phase 1,2 BHK,Courf T,1113.27,2.0,2.0,53.0,,,,,,,,,,,
Super built-up  Area,Ready To Move,Jeevan bima nagar,3 BHK,Lancysi,1740.0,3.0,3.0,120.0,,,,,,,,,,,
Super built-up  Area,Ready To Move,Kuvempu Nagar,3 BHK,Srersas,1540.0,3.0,2.0,150.0,,,,,,,,,,,
Super built-up  Area,18-Nov,Kaikondrahalli,2 BHK,,1000.0,2.0,1.0,30.0,,,,,,,,,,,
Built-up  Area,Ready To Move,Yeshwanthpur,2 BHK,,570.0,2.0,1.0,62.0,,,,,,,,,,,
Plot  Area,Ready To Move,Kyalasanahalli,4 Bedroom,UpowsMe,1200.0,4.0,3.0,110.0,,,,,,,,,,,
Super built-up  Area,Ready To Move,Subramanyapura,2 BHK,Chllsev,1313.0,2.0,2.0,66.5,,,,,,,,,,,
Plot  Area,Ready To Move,Jigani,10 Bedroom,Mae 2ra,1200.0,10.0,,105.0,,,,,,,,,,,
Super built-up  Area,18-Jun,Bommasandra,2 BHK,SSestth,1020.0,2.0,1.0,40.89,,,,,,,,,,,
Built-up  Area,Ready To Move,Sathya Sai Layout,4 BHK,Prowshi,4041.0,4.0,2.0,345.0,,,,,,,,,,,
Super built-up  Area,21-Jun,Vijayanagar,3 BHK,Saahaat,1490.0,3.0,2.0,100.0,,,,,,,,,,,
Super built-up  Area,Ready To Move,Uttarahalli,2 BHK,,1089.0,2.0,1.0,43.55,,,,,,,,,,,
Super built-up  Area,Ready To Move,Kadugodi,2 BHK,SLoven ,1010.0,2.0,1.0,50.0,,,,,,,,,,,
Super built-up  Area,Ready To Move,MS Pallya,3 BHK,,1200.0,3.0,0.0,90.0,,,,,,,,,,,
Super built-up  Area,Ready To Move,Govindraja Nagar,2 BHK,,1065.0,2.0,3.0,50.0,,,,,,,,,,,
Super built-up  Area,18-Jun,Padmanabhanagar,4 BHK,SollyCl,4689.0,4.0,1.0,488.0,,,,,,,,,,,
Super built-up  Area,Ready To Move,Hegde Nagar,3 BHK,Soiniy ,1703.0,3.0,2.0,113.0,,,,,,,,,,,
Super built-up  Area,Ready To Move,Munnekollal,3 BHK,DSalehn,1750.0,3.0,3.0,86.5,,,,,,,,,,,
Carpet  Area,Ready To Move,Bhoopsandra,3 BHK,E onsg ,2050.0,3.0,2.0,135.0,,,,,,,,,,,
Super built-up  Area,21-Dec,Hoodi,2 BHK,GoAirej,1108.0,2.0,1.0,74.23,,,,,,,,,,,
Super built-up  Area,Ready To Move,Marathahalli,2 BHK,Xeitaa ,1270.0,2.0,3.0,73.0,,,,,,,,,,,
Plot  Area,Ready To Move,Bank Of Baroda Colony,5 Bedroom,,2350.0,5.0,,325.0,,,,,,,,,,,
Super built-up  Area,Ready To Move,Mathikere,2 BHK,CSncele,1500.0,2.0,2.0,130.0,,,,,,,,,,,
Super built-up  Area,18-Jan,Vasanth nagar,4 BHK,Prian E,4750.0,6.0,1.0,1102.0,,,,,,,,,,,
Super built-up  Area,Ready To Move,Akshya Nagar,3 BHK,,1320.0,2.0,1.0,58.0,,,,,,,,,,,
Super built-up  Area,Ready To Move,5th Phase JP Nagar,3 BHK,MBncele,1485.0,2.0,2.0,67.0,,,,,,,,,,,
Super built-up  Area,Ready To Move,Malleshwaram,3 BHK,Sariaat,2475.0,4.0,3.0,300.0,,,,,,,,,,,
Built-up  Area,Ready To Move,Ramamurthy Nagar,3 BHK,SVyam N,1525.0,3.0,1.0,100.0,,,,,,,,,,,
Super built-up  Area,Ready To Move,Haralur Road,2 BHK,,1194.0,2.0,2.0,46.0,,,,,,,,,,,
Super built-up  Area,Ready To Move,Domlur,3 BHK,,1740.0,3.0,0.0,120.0,,,,,,,,,,,
Plot  Area,Ready To Move,Hebbal,4 Bedroom,,2700.0,2.0,2.0,100.0,,,,,,,,,,,
Built-up  Area,Ready To Move,Ulsoor,1 Bedroom,,840.0,1.0,1.0,150.0,,,,,,,,,,,
Super built-up  Area,Ready To Move,Doddakammanahalli,3 BHK,URodsmb,1119.0,2.0,1.0,48.5,,,,,,,,,,,
Super built-up  Area,Ready To Move,Lingadheeranahalli,3 BHK,Soiewre,1894.0,4.0,1.0,114.0,,,,,,,,,,,
Super built-up  Area,Ready To Move,Whitefield,2 BHK,SrireSo,1155.0,2.0,1.0,60.0,,,,,,,,,,,
Built-up  Area,Ready To Move,Hosa Road,3 BHK,Saowsou,1100.0,2.0,3.0,85.0,,,,,,,,,,,
Plot  Area,Ready To Move,Kogilu,7 Bedroom,,2456.0,7.0,2.0,85.0,,,,,,,,,,,
Built-up  Area,18-Jun,Whitefield,4 BHK,,2830.0,4.0,3.0,161.0,,,,,,,,,,,
Super built-up  Area,18-May,Whitefield,2 BHK,SMuilan,1109.0,2.0,1.0,41.49,,,,,,,,,,,
Super built-up  Area,Ready To Move,Jalahalli,3 BHK,,1569.0,3.0,2.0,118.0,,,,,,,,,,,
Super built-up  Area,18-Jun,Kundalahalli,3 BHK,Dieldli,1724.0,3.0,1.0,146.0,,,,,,,,,,,
Super built-up  Area,Ready To Move,Electronic City,2 BHK,GMown E,1070.0,2.0,1.0,58.0,,,,,,,,,,,
Super built-up  Area,Ready To Move,Poorna Pragna Layout,3 BHK,,1475.0,2.0,2.0,58.99,,,,,,,,,,,
Built-up  Area,Ready To Move,Whitefield,4 Bedroom,Adowslm,2500.0,4.0,1.0,420.0,,,,,,,,,,,
Super built-up  Area,19-Jun,Budigere,1 BHK,Brstaue,764.0,1.0,1.0,32.0,,,,,,,,,,,
Built-up  Area,Ready To Move,7th Phase JP Nagar,2 BHK,Brnia G,1080.0,2.0,2.0,72.0,,,,,,,,,,,
Super built-up  Area,Ready To Move,Hennur,2 BHK,Shateor,1255.0,2.0,2.0,53.5,,,,,,,,,,,
Built-up  Area,18-Dec,Electronic City,2 BHK,,1020.0,2.0,1.0,29.46,,,,,,,,,,,
Super built-up  Area,Ready To Move,Telecom Layout,3 BHK,,1450.0,2.0,1.0,65.0,,,,,,,,,,,
Super built-up  Area,Ready To Move,Ramamurthy Nagar,3 BHK,Foghaa ,1305.0,3.0,1.0,60.0,,,,,,,,,,,
Super built-up  Area,Ready To Move,Ramamurthy Nagar,2 BHK,Saoneil,1101.0,2.0,1.0,50.0,,,,,,,,,,,
Built-up  Area,Ready To Move,Electronic City,2 BHK,GMown E,1025.0,2.0,1.0,46.0,,,,,,,,,,,
Super built-up  Area,18-Mar,Hulimavu,4 BHK,Vapasrk,3560.0,5.0,3.0,318.0,,,,,,,,,,,
Super built-up  Area,19-Dec,Old Madras Road,2 BHK,SheldGr,1065.0,2.0,1.0,47.86,,,,,,,,,,,
Super built-up  Area,Ready To Move,Harlur,3 BHK,SomonCi,1459.0,3.0,2.0,135.0,,,,,,,,,,,
Super built-up  Area,Ready To Move,Thanisandra,2 BHK,SaSkyBl,1148.0,2.0,1.0,43.5,,,,,,,,,,,
Built-up  Area,Ready To Move,Padmanabhanagar,3 Bedroom,,4500.0,4.0,2.0,360.0,,,,,,,,,,,
Super built-up  Area,Ready To Move,Raja Rajeshwari Nagar,3 BHK,NaonySy,1550.0,3.0,1.0,86.8,,,,,,,,,,,
Super built-up  Area,Ready To Move,Byagadadhenahalli,2 BHK,,620.0,2.0,1.0,23.0,,,,,,,,,,,
Super built-up  Area,Ready To Move,Bharathi Nagar,2 BHK,FoapeWa,1328.0,2.0,2.0,69.0,,,,,,,,,,,
Super built-up  Area,18-Aug,Chandapura,1 BHK,SunceEs,645.0,1.0,1.0,16.45,,,,,,,,,,,
Plot  Area,18-Mar,Hunasamaranahalli,4 Bedroom,EmardBo,7500.0,4.0,2.0,900.0,,,,,,,,,,,
Plot  Area,Ready To Move,Banjara Layout,3 Bedroom,,2500.0,4.0,0.0,140.0,,,,,,,,,,,
Plot  Area,Ready To Move,Vishveshwarya Layout,3 Bedroom,,600.0,4.0,0.0,99.0,,,,,,,,,,,
Built-up  Area,Ready To Move,Choodasandra,3 Bedroom,LGlarAs,3204.0,4.0,3.0,395.0,,,,,,,,,,,
Super built-up  Area,18-Apr,Jakkur,3 BHK,,2197.0,3.0,2.0,136.0,,,,,,,,,,,
Super built-up  Area,Ready To Move,Thanisandra,3 BHK,Pronyt ,1261.0,2.0,1.0,80.0,,,,,,,,,,,
Built-up  Area,Ready To Move,Uttarahalli,2 BHK,,1120.0,2.0,1.0,50.0,,,,,,,,,,,
Super built-up  Area,18-Jun,Whitefield,2 BHK,ARipsul,1074.0,2.0,1.0,42.8,,,,,,,,,,,
Built-up  Area,Ready To Move,KR Puram,1 BHK,,700.0,1.0,1.0,21.5,,,,,,,,,,,
Super built-up  Area,Ready To Move,RMV Extension,3 BHK,DSureSi,1685.0,3.0,2.0,95.0,,,,,,,,,,,
Carpet  Area,Ready To Move,Bannerghatta Road,3 BHK,Vemit S,1470.0,2.0,1.0,85.0,,,,,,,,,,,
Super built-up  Area,Ready To Move,Panathur,3 BHK,Prcesvy,1713.0,3.0,1.0,120.0,,,,,,,,,,,
Plot  Area,Ready To Move,HAL 2nd Stage,4 Bedroom,,2280.0,4.0,2.0,615.0,,,,,,,,,,,
Super built-up  Area,18-May,Sarjapur  Road,2 BHK,SJityaz,1308.0,2.0,1.0,75.0,,,,,,,,,,,
Built-up  Area,Ready To Move,Rustam Bagh Layout,2 BHK,TealdEm,1170.0,2.0,2.0,86.0,,,,,,,,,,,
Super built-up  Area,Ready To Move,Sarjapur  Road,3 BHK,CoLeoen,1489.0,2.0,3.0,82.0,,,,,,,,,,,
Super built-up  Area,19-Dec,Horamavu Agara,2 BHK,Prhar G,1169.0,2.0,1.0,64.0,,,,,,,,,,,
Plot  Area,17-Oct,Hennur,3 Bedroom,,1150.0,3.0,2.0,80.0,,,,,,,,,,,
Super built-up  Area,Ready To Move,Kambipura,2 BHK,Prrtht ,883.0,2.0,1.0,45.0,,,,,,,,,,,
Super built-up  Area,22-Jun,Hoodi,2 BHK,GoAirej,1132.0,2.0,1.0,89.37,,,,,,,,,,,
Super built-up  Area,Ready To Move,Thubarahalli,2 BHK,Kenia G,1330.0,2.0,1.0,75.0,,,,,,,,,,,
Super built-up  Area,Ready To Move,Ramagondanahalli,3 BHK,DNeremo,1610.0,2.0,2.0,111.0,,,,,,,,,,,
Super built-up  Area,Ready To Move,Raja Rajeshwari Nagar,3 BHK,Dehts H,1510.0,2.0,3.0,59.0,,,,,,,,,,,
Plot  Area,Ready To Move,Rajarajeshwarinagar,4 Bedroom,,1200.0,5.0,,325.0,,,,,,,,,,,
Super built-up  Area,21-Dec,Talaghattapura,3 BHK,Sodgere,2273.0,3.0,2.0,145.0,,,,,,,,,,,
Super built-up  Area,Ready To Move,Kaggadasapura,2 BHK,,1063.0,2.0,2.0,42.0,,,,,,,,,,,
Built-up  Area,Ready To Move,Vasantha Vallabha Nagar,3 Bedroom,,1500.0,2.0,2.0,95.0,,,,,,,,,,,
Built-up  Area,Ready To Move,Vijayanagar,3 BHK,,1580.0,2.0,0.0,134.0,,,,,,,,,,,
Plot  Area,Ready To Move,Nobo Nagar,6 Bedroom,,1500.0,7.0,3.0,220.0,,,,,,,,,,,
Plot  Area,Ready To Move,Hormavu,4 Bedroom,Prageta,3500.0,4.0,1.0,289.0,,,,,,,,,,,
Super built-up  Area,Ready To Move,Thigalarapalya,4 BHK,Prtanha,2912.0,6.0,2.0,210.0,,,,,,,,,,,
Plot  Area,Ready To Move,Konanakunte,4 Bedroom,,1200.0,4.0,0.0,125.0,,,,,,,,,,,
Super built-up  Area,20-Jan,Badavala Nagar,3 BHK,DNncasa,1494.0,2.0,2.0,94.55,,,,,,,,,,,
Plot  Area,17-Dec,Banashankari,3 Bedroom,,600.0,3.0,1.0,100.0,,,,,,,,,,,
Super built-up  Area,Ready To Move,7th Phase JP Nagar,3 BHK,Srncya ,1515.0,2.0,1.0,76.0,,,,,,,,,,,
Carpet  Area,Ready To Move,Kothannur,4 Bedroom,,2000.0,4.0,2.0,95.0,,,,,,,,,,,
Super built-up  Area,Ready To Move,Rajiv Nagar,4 BHK,PuoodSk,2340.0,5.0,1.0,129.0,,,,,,,,,,,
Super built-up  Area,Ready To Move,Sarjapur  Road,2 BHK,,1115.0,2.0,1.0,50.0,,,,,,,,,,,
Super built-up  Area,Ready To Move,Doddanekundi,2 BHK,,1280.0,2.0,2.0,40.0,,,,,,,,,,,
Super built-up  Area,Ready To Move,Ambedkar Nagar,3 BHK,SoechHa,1950.0,4.0,2.0,120.0,,,,,,,,,,,
Built-up  Area,Ready To Move,Whitefield,4 BHK,,2444.0,4.0,,145.0,,,,,,,,,,,
Super built-up  Area,Ready To Move,Yelahanka,2 BHK,Apows M,1050.0,2.0,1.0,45.0,,,,,,,,,,,
Carpet  Area,Ready To Move,K R C kothanur,2 BHK,,1140.0,2.0,3.0,45.0,,,,,,,,,,,
Super built-up  Area,Ready To Move,Kaggadasapura,2 BHK,JaaldEm,1325.0,2.0,2.0,50.0,,,,,,,,,,,
Super built-up  Area,Ready To Move,KR Puram,2 BHK,,1020.0,2.0,2.0,39.0,,,,,,,,,,,
Plot  Area,Ready To Move,Kengeri Hobli,3 Bedroom,,600.0,2.0,0.0,30.0,,,,,,,,,,,
Super built-up  Area,Ready To Move,BTM 1st Stage,3 BHK,Coise P,1852.0,2.0,,95.0,,,,,,,,,,,
Super built-up  Area,Ready To Move,Whitefield,3 BHK,Priew P,2023.0,4.0,2.0,130.0,,,,,,,,,,,
Plot  Area,Ready To Move,HAL 2nd Stage,7 Bedroom,,1000.0,7.0,3.0,250.0,,,,,,,,,,,
Super built-up  Area,Ready To Move,JP Nagar,1 BHK,Brine J,750.0,1.0,1.0,52.5,,,,,,,,,,,
Super built-up  Area,Ready To Move,Kothanur,3 BHK,Somumys,1787.0,3.0,2.0,120.0,,,,,,,,,,,
Super built-up  Area,19-Mar,Gopalapura,3 BHK,Sothadr,2171.66,3.0,2.0,298.0,,,,,,,,,,,
Super built-up  Area,17-Nov,Sonnenahalli,2 BHK,Skacak ,1059.0,2.0,1.0,62.0,,,,,,,,,,,
Plot  Area,Ready To Move,Gaurava Nagar,5 Bedroom,,1650.0,6.0,,200.0,,,,,,,,,,,
Super built-up  Area,Ready To Move,Bannerghatta Road,2 BHK,Esave E,1340.0,2.0,3.0,85.0,,,,,,,,,,,
Super built-up  Area,Ready To Move,Prithvi Layout,3 BHK,Prigh L,2100.0,3.0,3.0,125.0,,,,,,,,,,,
Super built-up  Area,Ready To Move,Akshaya Nagar,3 BHK,DLhtsnd,1420.0,2.0,2.0,75.0,,,,,,,,,,,
Super built-up  Area,Ready To Move,Sarjapur  Road,3 BHK,Adeatlm,2275.0,4.0,2.0,182.0,,,,,,,,,,,
Plot  Area,Ready To Move,Marathahalli,4 Bedroom,,2396.0,4.0,2.0,325.0,,,,,,,,,,,
Super built-up  Area,21-Jul,Hoodi,3 BHK,GoAirej,1639.0,3.0,1.0,98.32,,,,,,,,,,,
Built-up  Area,Ready To Move,Kumaraswami Layout,7 Bedroom,,3200.0,7.0,0.0,150.0,,,,,,,,,,,
Super built-up  Area,Ready To Move,Hebbal,3 BHK,MVkleiw,1860.0,3.0,2.0,95.0,,,,,,,,,,,
Super built-up  Area,18-May,Hoodi,2 BHK,,1240.0,2.0,3.0,43.94,,,,,,,,,,,
Built-up  Area,Ready To Move,Nagarbhavi,1 BHK,MaentNa,710.0,2.0,2.0,40.0,,,,,,,,,,,
Super built-up  Area,Ready To Move,Cunningham Road,3 BHK,Lelia M,3875.0,3.0,2.0,800.0,,,,,,,,,,,
Super built-up  Area,Ready To Move,Parappana Agrahara,2 BHK,,1194.0,2.0,2.0,45.0,,,,,,,,,,,
Super built-up  Area,18-Apr,Yelahanka,2 BHK,,1350.0,2.0,1.0,55.55,,,,,,,,,,,
Super built-up  Area,18-Dec,Hosakerehalli,2 BHK,Maunt M,1085.0,2.0,1.0,47.74,,,,,,,,,,,
Plot  Area,Ready To Move,Margondanahalli,2 Bedroom,,900.0,2.0,0.0,49.0,,,,,,,,,,,
Super built-up  Area,18-Jul,Chandapura,1 BHK,SunceEs,645.0,1.0,1.0,16.45,,,,,,,,,,,
Super built-up  Area,Ready To Move,Varsova Layout,2 BHK,InhtsHe,1088.0,2.0,2.0,43.5,,,,,,,,,,,
Plot  Area,Ready To Move,Malleshwaram,8 Bedroom,,840.0,7.0,2.0,195.0,,,,,,,,,,,
Built-up  Area,Ready To Move,Sompura,3 BHK,Suiseit,1025.0,2.0,1.0,48.0,,,,,,,,,,,
Super built-up  Area,Ready To Move,Hulimavu,2 BHK,Suelsa ,1058.0,2.0,1.0,48.0,,,,,,,,,,,
Plot  Area,Ready To Move,Kamakshipalya,2 Bedroom,,1044.0,2.0,2.0,85.0,,,,,,,,,,,
Plot  Area,Ready To Move,anjananager magdi road,3 Bedroom,,1200.0,3.0,1.0,165.0,,,,,,,,,,,
Plot  Area,Ready To Move,Brookefield,4 Bedroom,,1700.0,4.0,1.0,152.0,,,,,,,,,,,
Super built-up  Area,Ready To Move,Rajaji Nagar,3 BHK,PhestOn,2367.0,4.0,3.0,340.0,,,,,,,,,,,
Super built-up  Area,Ready To Move,1 Giri Nagar,11 BHK,Bancyri,5000.0,9.0,3.0,360.0,,,,,,,,,,,
Plot  Area,18-Jul,Whitefield,2 Bedroom,,1200.0,2.0,1.0,45.84,,,,,,,,,,,
Built-up  Area,Ready To Move,Hebbal,2 BHK,,919.0,2.0,1.0,49.0,,,,,,,,,,,
Built-up  Area,Ready To Move,Nagarbhavi,1 Bedroom,,900.0,1.0,0.0,175.0,,,,,,,,,,,
Super built-up  Area,Ready To Move,Narayanapura,2 BHK,Veodsar,1302.0,2.0,1.0,69.1,,,,,,,,,,,
Super built-up  Area,Ready To Move,Judicial Layout,2 BHK,,1165.0,2.0,1.0,49.61,,,,,,,,,,,
Super built-up  Area,Ready To Move,Hennur Road,2 BHK,ChionCo,1414.0,2.0,,84.18,,,,,,,,,,,
Built-up  Area,Ready To Move,KR Puram,2 BHK,HovasTe,930.0,2.0,2.0,39.0,,,,,,,,,,,
Built-up  Area,Ready To Move,Green Glen Layout,3 BHK,Soionar,1600.0,3.0,3.0,105.0,,,,,,,,,,,
Built-up  Area,Ready To Move,Thanisandra,2 BHK,Tenetee,1234.0,2.0,2.0,51.0,,,,,,,,,,,
Super built-up  Area,Ready To Move,Sarjapur,4 BHK,Prldsum,3508.0,6.0,2.0,425.0,,,,,,,,,,,
Super built-up  Area,18-May,Thanisandra,3 BHK,Bhmesy ,1948.0,3.0,2.0,130.0,,,,,,,,,,,
Super built-up  Area,19-Dec,Electronic City Phase II,3 BHK,DSineSt,1651.0,3.0,1.0,49.53,,,,,,,,,,,
Super built-up  Area,Ready To Move,Medahalli,2 BHK,,990.0,2.0,3.0,35.0,,,,,,,,,,,
Super built-up  Area,Ready To Move,Hennur Road,3 BHK,,1552.0,3.0,3.0,75.0,,,,,,,,,,,
Super built-up  Area,Ready To Move,Indira Nagar,3 BHK,ToSky F,2800.0,3.0,1.0,330.0,,,,,,,,,,,
Plot  Area,18-Apr,Gattahalli,3 Bedroom,Miiewa ,2000.0,2.0,2.0,95.0,,,,,,,,,,,
Super built-up  Area,21-Jun,Vijayanagar,2 BHK,Saityat,1180.0,2.0,1.0,86.0,,,,,,,,,,,
Super built-up  Area,18-May,Kundalahalli,3 BHK,Dieldli,1397.0,3.0,3.0,108.0,,,,,,,,,,,
Built-up  Area,Ready To Move,Kacharakanahalli,3 BHK,,1850.0,3.0,3.0,98.0,,,,,,,,,,,
Built-up  Area,Ready To Move,Nayandanahalli,3 BHK,Rarelt ,1350.0,2.0,3.0,68.0,,,,,,,,,,,
Super built-up  Area,Ready To Move,Rajiv Gandhi Nagar,2 BHK,Almid P,1293.0,2.0,2.0,80.0,,,,,,,,,,,
Plot  Area,Ready To Move,Chikkaballapur,3 Bedroom,,1500.0,3.0,3.0,100.0,,,,,,,,,,,
Super built-up  Area,19-Jan,Kanakpura Road,3 BHK,PrityFa,1591.0,3.0,1.0,115.0,,,,,,,,,,,
Built-up  Area,Ready To Move,Somasundara Palya,3 BHK,ManceEl,2372.0,3.0,,140.0,,,,,,,,,,,
Super built-up  Area,Ready To Move,Akshya Nagar,2 BHK,,1175.0,2.0,2.0,48.27,,,,,,,,,,,
Carpet  Area,Ready To Move,Doddakannelli,3 BHK,,780.0,3.0,,75.0,,,,,,,,,,,
Built-up  Area,Ready To Move,Electronic City,2 BHK,GMown E,770.0,1.0,1.0,36.0,,,,,,,,,,,
Super built-up  Area,21-Jan,Kanakpura Road,1 BHK,PrarePa,525.0,1.0,1.0,26.01,,,,,,,,,,,
Super built-up  Area,Ready To Move,Budigere,2 BHK,PrityTr,1153.0,2.0,2.0,56.0,,,,,,,,,,,
Super built-up  Area,Ready To Move,Whitefield,2 BHK,Nillsre,1415.0,2.0,3.0,67.0,,,,,,,,,,,
Built-up  Area,Ready To Move,Thanisandra,3 BHK,G conTh,1874.0,4.0,1.0,130.0,,,,,,,,,,,
Super built-up  Area,Ready To Move,Rachenahalli,3 BHK,Sovar S,1530.0,2.0,2.0,74.39,,,,,,,,,,,
Super built-up  Area,Ready To Move,Padmanabhanagar,2 BHK,Shers S,1200.0,2.0,1.0,60.0,,,,,,,,,,,
Super built-up  Area,18-Jul,Sarjapur  Road,2 BHK,PualeSk,1346.0,2.0,1.0,74.03,,,,,,,,,,,
Super built-up  Area,Ready To Move,Parappana Agrahara,2 BHK,Peide L,1194.0,2.0,2.0,46.0,,,,,,,,,,,
Plot  Area,Ready To Move,Horamavu Agara,4 Bedroom,,1200.0,2.0,0.0,95.0,,,,,,,,,,,
Super built-up  Area,Ready To Move,Yelahanka,2 BHK,,1322.0,2.0,1.0,77.9,,,,,,,,,,,
Plot  Area,Ready To Move,Billekahalli,5 Bedroom,,1180.0,5.0,2.0,98.5,,,,,,,,,,,
Super built-up  Area,Ready To Move,Hebbal,3 BHK,SNontle,2650.0,4.0,3.0,199.0,,,,,,,,,,,
Built-up  Area,Ready To Move,Kodichikkanahalli,5 Bedroom,,2700.0,4.0,2.0,125.0,,,,,,,,,,,
Super built-up  Area,18-Apr,Electronic City,2 BHK,Prarkun,1355.0,2.0,1.0,67.0,,,,,,,,,,,
Plot  Area,18-Jul,Dodsworth Layout,4 Bedroom,,30000.0,4.0,,2100.0,,,,,,,,,,,
Super built-up  Area,Ready To Move,Jigani,2 BHK,DLhtsan,918.0,2.0,2.0,63.2,,,,,,,,,,,
Super built-up  Area,18-May,Electronics City Phase 1,2 BHK,Shitt S,1175.0,2.0,1.0,57.0,,,,,,,,,,,
Super built-up  Area,Ready To Move,Somasundara Palya,2 BHK,,1140.0,2.0,2.0,46.0,,,,,,,,,,,
Super built-up  Area,Ready To Move,Koramangala,2 BHK,Saace P,1300.0,2.0,3.0,110.0,,,,,,,,,,,
Super built-up  Area,Ready To Move,Marathahalli,3 BHK,Aiitya ,1575.0,3.0,,78.0,,,,,,,,,,,
Super built-up  Area,Ready To Move,Lingadheeranahalli,3 BHK,Soiewre,1705.0,3.0,1.0,110.0,,,,,,,,,,,
Built-up  Area,18-Dec,Electronic City,2 BHK,,1140.0,2.0,1.0,32.93,,,,,,,,,,,
Built-up  Area,19-Jul,"Yemlur, Old Airport Road, ",3 BHK,,1595.0,3.0,2.0,115.0,,,,,,,,,,,
Super built-up  Area,18-Apr,Peenya,2 BHK,,966.0,2.0,2.0,50.0,,,,,,,,,,,
Built-up  Area,Ready To Move,Hennur Road,8 Bedroom,,5000.0,8.0,,250.0,,,,,,,,,,,
Super built-up  Area,Ready To Move,Bellandur,2 BHK,DSpazTo,1088.0,2.0,2.0,48.0,,,,,,,,,,,
Super built-up  Area,21-Mar,Kanakpura Road,2 BHK,GolusLi,1051.0,2.0,2.0,56.74,,,,,,,,,,,
Built-up  Area,Ready To Move,R.T. Nagar,3 BHK,SiineSu,1560.0,3.0,3.0,125.0,,,,,,,,,,,
Super built-up  Area,Ready To Move,1st Phase JP Nagar,3 BHK,Prhtsok,1875.0,3.0,1.0,167.0,,,,,,,,,,,
Plot  Area,18-May,Ramagondanahalli,2 Bedroom,,845.0,2.0,1.0,45.82,,,,,,,,,,,
Built-up  Area,18-Aug,Bommasandra Industrial Area,2 BHK,,1090.0,2.0,2.0,31.48,,,,,,,,,,,
Plot  Area,Ready To Move,Kattigenahalli,8 Bedroom,,1200.0,8.0,1.0,135.0,,,,,,,,,,,
Super built-up  Area,Ready To Move,KR Puram,3 BHK,SLontel,1300.0,2.0,2.0,57.0,,,,,,,,,,,
Super built-up  Area,Ready To Move,Electronics City Phase 1,3 BHK,SNdri N,1515.0,2.0,1.0,80.91,,,,,,,,,,,
Super built-up  Area,Ready To Move,Raja Rajeshwari Nagar,2 BHK,GrrvaGr,1306.0,2.0,2.0,44.17,,,,,,,,,,,
Super built-up  Area,Ready To Move,Raja Rajeshwari Nagar,2 BHK,GrrvaGr,1128.0,2.0,2.0,38.24,,,,,,,,,,,
Built-up  Area,Ready To Move,Raja Rajeshwari Nagar,2 BHK,,1258.0,2.0,1.0,63.53,,,,,,,,,,,
Built-up  Area,Ready To Move,Hoodi,2 BHK,,1240.0,2.0,3.0,65.0,,,,,,,,,,,
Super built-up  Area,18-Aug,Varthur Road,2 BHK,,1140.0,2.0,2.0,49.11,,,,,,,,,,,
Super built-up  Area,18-Dec,Hennur Road,3 BHK,Shxorm ,1590.0,3.0,2.0,105.0,,,,,,,,,,,
Built-up  Area,Ready To Move,Kumaraswami Layout,7 Bedroom,,3000.0,4.0,2.0,400.0,,,,,,,,,,,
Super built-up  Area,Ready To Move,Hennur,2 BHK,,1285.0,2.0,1.0,60.0,,,,,,,,,,,
Super built-up  Area,Ready To Move,BTM 2nd Stage,3 BHK,Jancyva,1265.0,2.0,3.0,55.0,,,,,,,,,,,
Built-up  Area,Ready To Move,Whitefield,3 BHK,,1150.0,2.0,3.0,44.0,,,,,,,,,,,
Super built-up  Area,Ready To Move,Bellandur,2 BHK,Srdids ,1150.0,2.0,1.0,69.44,,,,,,,,,,,
Built-up  Area,Ready To Move,Kereguddadahalli,2 BHK,Jaood G,1080.0,2.0,2.0,32.0,,,,,,,,,,,
Super built-up  Area,Ready To Move,Whitefield,2 BHK,Pae 1ov,1190.0,2.0,1.0,64.0,,,,,,,,,,,
Super built-up  Area,Ready To Move,Bellandur,2 BHK,Soodsa ,1051.0,2.0,2.0,60.0,,,,,,,,,,,
Built-up  Area,Ready To Move,Whitefield,3 Bedroom,,1600.0,3.0,0.0,69.1,,,,,,,,,,,
Super built-up  Area,Ready To Move,Koramangala,2 BHK,K ncy R,1180.0,2.0,1.0,128.0,,,,,,,,,,,
Super built-up  Area,Ready To Move,Electronic City,2 BHK,DSgmax ,1210.0,2.0,1.0,54.0,,,,,,,,,,,
Super built-up  Area,20-Feb,Vijayanagar,3 BHK,Saahaat,1484.0,3.0,2.0,79.19,,,,,,,,,,,
Built-up  Area,Ready To Move,Vinayak Nagar,1 BHK,,705.0,1.0,2.0,36.5,,,,,,,,,,,
Super built-up  Area,Ready To Move,Gubbalala,3 BHK,MauilTr,1745.0,3.0,2.0,125.0,,,,,,,,,,,
Super built-up  Area,Ready To Move,Electronic City,2 BHK,GMown E,1070.0,2.0,1.0,48.0,,,,,,,,,,,
Built-up  Area,Ready To Move,Shampura,4 BHK,,2650.0,4.0,2.0,150.0,,,,,,,,,,,
Super built-up  Area,18-Aug,Konanakunte,4 BHK,Prasa W,3621.0,4.0,1.0,511.0,,,,,,,,,,,
Super built-up  Area,Ready To Move,Mysore Road,3 BHK,,1340.0,2.0,2.0,64.31,,,,,,,,,,,
Super built-up  Area,Ready To Move,HSR Layout,2 BHK,Ammesss,1009.0,2.0,2.0,56.0,,,,,,,,,,,
Built-up  Area,Ready To Move,Kanakpura Road,3 BHK,PuandHi,1800.0,3.0,2.0,90.0,,,,,,,,,,,
Super built-up  Area,Ready To Move,Electronic City,2 BHK,Prarkun,1108.0,2.0,1.0,67.15,,,,,,,,,,,
Built-up  Area,Ready To Move,Kengeri,8 Bedroom,,3000.0,5.0,,130.0,,,,,,,,,,,
Super built-up  Area,Ready To Move,Akshaya Nagar,3 BHK,,1890.0,4.0,2.0,100.0,,,,,,,,,,,
Super built-up  Area,Ready To Move,Channasandra Layout,3 BHK,Aconyit,1535.0,3.0,1.0,55.0,,,,,,,,,,,
Super built-up  Area,Ready To Move,Kanakapura,3 BHK,SPavenc,1460.0,2.0,3.0,51.1,,,,,,,,,,,
Built-up  Area,Ready To Move,Old Madras Road,3 Bedroom,GRlas V,2300.0,3.0,2.0,142.0,,,,,,,,,,,
Built-up  Area,Ready To Move,Panduranga Nagar,1 BHK,Jeshan ,500.0,1.0,0.0,20.0,,,,,,,,,,,
Super built-up  Area,Ready To Move,Gottigere,3 BHK,Srtusi ,1460.0,2.0,2.0,65.0,,,,,,,,,,,
Built-up  Area,Ready To Move,Anandapura,3 Bedroom,,640.0,3.0,0.0,45.0,,,,,,,,,,,
Plot  Area,Ready To Move,Ramamurthy Nagar,2 Bedroom,,1100.0,2.0,0.0,68.0,,,,,,,,,,,
Super built-up  Area,Ready To Move,Vijaya Bank Colony,3 BHK,,1400.0,2.0,2.0,62.0,,,,,,,,,,,
Built-up  Area,Ready To Move,Electronic City,2 BHK,Itelaa ,550.0,1.0,1.0,15.0,,,,,,,,,,,
Plot  Area,Ready To Move,Battarahalli,5 Bedroom,,1350.0,3.0,1.0,110.0,,,,,,,,,,,
Super built-up  Area,18-Aug,Uttarahalli,3 BHK,DSera S,1845.0,2.0,1.0,68.27,,,,,,,,,,,
Plot  Area,Ready To Move,8th Phase JP Nagar,6 Bedroom,,1200.0,6.0,1.0,260.0,,,,,,,,,,,
Super built-up  Area,Ready To Move,Thigalarapalya,4 BHK,Prtanha,3122.0,6.0,2.0,245.0,,,,,,,,,,,
Super built-up  Area,18-Jul,Haralur Road,2 BHK,SNnia E,1225.0,2.0,1.0,67.38,,,,,,,,,,,
Super built-up  Area,18-Jul,"TR Mill Road, Chamarajpet",2 BHK,,1175.0,2.0,2.0,79.0,,,,,,,,,,,
Super built-up  Area,Ready To Move,Hennur Road,3 BHK,Samittv,2350.0,3.0,2.0,174.0,,,,,,,,,,,
Super built-up  Area,Ready To Move,Begur Road,3 BHK,Dhalsh ,1410.0,2.0,3.0,54.99,,,,,,,,,,,
Super built-up  Area,18-Aug,Kudlu Gate,1 BHK,Sanzaat,703.0,1.0,1.0,52.0,,,,,,,,,,,
Super built-up  Area,17-Apr,Chikkalasandra,2 BHK,,1070.0,2.0,1.0,45.48,,,,,,,,,,,
Super built-up  Area,Ready To Move,Whitefield,2 BHK,SSthamh,1140.0,2.0,2.0,40.0,,,,,,,,,,,
Super built-up  Area,Ready To Move,Sarjapur,3 BHK,Sondaka,1364.0,2.0,2.0,56.0,,,,,,,,,,,
Super built-up  Area,18-Dec,Whitefield,4 BHK,Goted U,2956.0,5.0,,234.0,,,,,,,,,,,
Built-up  Area,Ready To Move,Kaggadasapura,2 BHK,,1045.0,2.0,2.0,55.0,,,,,,,,,,,
Super built-up  Area,Ready To Move,S R Layout,2 BHK,Seasare,1096.0,2.0,2.0,48.0,,,,,,,,,,,
Plot  Area,Ready To Move,Kengeri Satellite Town ( BDA SITE),4 Bedroom,,1600.0,3.0,1.0,172.0,,,,,,,,,,,
Super built-up  Area,Ready To Move,EPIP Zone,3 BHK,BrontLa,2210.0,3.0,3.0,165.0,,,,,,,,,,,
Super built-up  Area,Ready To Move,Kengeri,3 BHK,,1160.0,2.0,2.0,40.6,,,,,,,,,,,
Super built-up  Area,Ready To Move,Hebbal Kempapura,3 BHK,Goateds,1800.0,3.0,2.0,175.0,,,,,,,,,,,
Super built-up  Area,18-Mar,Chandapura,1 BHK,Siissi ,530.0,1.0,0.0,11.66,,,,,,,,,,,
Super built-up  Area,Ready To Move,Murugeshpalya,3 BHK,Vestas ,1855.0,3.0,3.0,96.0,,,,,,,,,,,
Built-up  Area,Ready To Move,Whitefield,3 BHK,Sonviik,1495.0,2.0,,70.0,,,,,,,,,,,
Super built-up  Area,Ready To Move,Hegde Nagar,3 BHK,Golmsn ,1835.0,3.0,3.0,89.0,,,,,,,,,,,
Super built-up  Area,Ready To Move,Sonnenahalli,2 BHK,Skacak ,1268.0,2.0,1.0,73.0,,,,,,,,,,,
Built-up  Area,Ready To Move,Raghuvanahalli,1 BHK,,900.0,1.0,1.0,30.0,,,,,,,,,,,
Built-up  Area,Ready To Move,Jigani,3 BHK,DLhtsen,1252.0,3.0,2.0,59.0,,,,,,,,,,,
Super built-up  Area,18-Jul,Electronic City Phase II,2 BHK,Sryalan,1020.0,2.0,1.0,30.6,,,,,,,,,,,
Super built-up  Area,18-Mar,Bommasandra,2 BHK,SSestth,955.0,2.0,1.0,35.28,,,,,,,,,,,
Super built-up  Area,18-Jan,Hosa Road,2 BHK,SRrnauv,840.0,2.0,1.0,28.0,,,,,,,,,,,
Super built-up  Area,19-Jun,Byrasandra,2 BHK,Sancy R,985.0,2.0,1.0,63.0,,,,,,,,,,,
Super built-up  Area,18-Apr,Sarjapur  Road,2 BHK,PualeSk,1370.0,2.0,1.0,70.0,,,,,,,,,,,
Built-up  Area,Ready To Move,Sarjapur,4 BHK,,1917.0,3.0,0.0,60.0,,,,,,,,,,,
Super built-up  Area,Ready To Move,Sahakara Nagar,2 BHK,ArrdsOr,1000.0,2.0,1.0,60.0,,,,,,,,,,,
Plot  Area,18-Dec,Channasandra,2 Bedroom,,3040.0,2.0,1.0,48.0,,,,,,,,,,,
,,Indiranagar,2 BHK,,1200.0,1.0,,50.0,,,,,,,,,XYZ,2025-11-19,uploaded
Villa,Ready To Move,Koramangala,2BHK,HOP Society,1200.0,3.0,2.0,57.0,2.0,Not Available,Near Fresh mart,sector 1,Lakhs,abc,complete,2.0,XYZ,2025-11-19,
Villa,Ready To Move,Whitefield,2BHK,ABC,1200.0,2.0,1.0,50.0,2.0,Not Available,AECS,sector 1,Lakhs,,,,,2025-11-19,
